City_ID,City,Country,Lat,Lng,Max Temp,Humidity,Cloudiness,Wind Speed,Current Description
0,Carnarvon,AU,-24.87,113.63,62.6,77,0,14.99,clear sky
1,Yar-Sale,RU,66.83,70.83,50.09,93,26,12.21,scattered clouds
2,Mataura,NZ,-46.19,168.86,44.01,94,12,1.99,few clouds
3,Looc,PH,12.26,121.99,81.88,79,100,6.33,overcast clouds
4,Port Elizabeth,ZA,-33.92,25.57,60.8,77,97,5.82,overcast clouds
5,Pimentel,PE,-6.84,-79.93,65.28,72,0,14.99,clear sky
6,Cidreira,BR,-30.18,-50.21,60.44,82,0,16.37,clear sky
7,Neiafu,TO,-18.65,-173.98,78.8,83,20,10.29,few clouds
8,Kapaa,US,22.08,-159.32,86.0,70,40,10.29,scattered clouds
9,Tual,ID,-5.67,132.75,79.03,78,63,17.31,broken clouds
10,Khatanga,RU,71.97,102.5,54.23,69,96,9.1,overcast clouds
11,Longyearbyen,SJ,78.22,15.64,40.8,69,3,6.29,clear sky
12,Hasaki,JP,35.73,140.83,75.2,100,75,6.93,mist
13,Sola,VU,-13.88,167.55,80.98,83,72,9.95,light rain
14,Cherskiy,RU,68.75,161.3,38.21,93,100,11.56,light rain
15,Fengzhen,CN,40.44,113.15,54.86,86,31,5.73,scattered clouds
16,Bilma,NE,18.69,12.92,92.08,37,12,11.52,moderate rain
17,Bluff,NZ,-46.6,168.33,44.01,94,45,1.99,scattered clouds
18,Kalianget,ID,-7.05,113.93,78.49,81,7,12.8,clear sky
19,San Cristobal,VE,7.77,-72.22,87.8,45,40,19.46,scattered clouds
20,Puerto Escondido,MX,15.85,-97.07,80.6,74,90,5.82,moderate rain
21,Caravelas,BR,-17.71,-39.25,68.38,85,100,13.65,light rain
22,Rikitea,PF,-23.12,-134.97,70.21,84,69,21.14,broken clouds
23,Thinadhoo,MV,0.53,72.93,83.21,74,73,10.22,broken clouds
24,Saint-Philippe,RE,-21.36,55.77,69.8,77,36,5.82,scattered clouds
25,Dese,ET,11.13,39.63,54.34,92,57,2.39,moderate rain
26,Port Alfred,ZA,-33.59,26.89,57.67,83,35,9.28,scattered clouds
27,Palmer,US,42.16,-72.33,90.0,40,75,6.93,broken clouds
28,Busselton,AU,-33.65,115.33,42.01,81,0,3.83,clear sky
29,Korla,CN,41.76,86.15,76.82,33,0,3.02,clear sky
30,Tamiahua,MX,21.27,-97.45,88.03,57,78,12.26,broken clouds
31,Jumla,NP,29.27,82.18,61.21,71,95,2.35,light rain
32,Airai,TL,-8.93,125.41,56.84,37,63,4.07,broken clouds
33,Baruun-Urt,MN,46.68,113.28,54.97,84,0,3.22,clear sky
34,Port Lincoln,AU,-34.73,135.87,47.3,80,49,3.76,scattered clouds
35,Albany,US,42.6,-73.97,80.01,54,75,11.41,broken clouds
36,Saldanha,ZA,-33.01,17.94,57.2,87,75,8.05,broken clouds
37,Roebourne,AU,-20.78,117.13,74.32,32,72,5.84,broken clouds
38,Arraial Do Cabo,BR,-22.97,-42.03,68.0,68,75,9.17,broken clouds
39,Ushuaia,AR,-54.8,-68.3,35.6,74,40,6.93,scattered clouds
40,Nikolskoye,RU,59.7,30.79,64.4,77,20,4.47,few clouds
41,Punta Arenas,CL,-53.15,-70.92,35.6,74,75,27.51,broken clouds
42,Vao,NC,-22.67,167.48,70.3,78,98,12.03,overcast clouds
43,Ukiah,US,39.15,-123.21,96.01,22,1,8.05,haze
44,Cayenne,GF,4.93,-52.33,78.8,78,13,2.24,few clouds
45,Belmonte,BR,-15.86,-38.88,68.0,88,90,4.7,light rain
46,Igarka,RU,67.47,86.58,54.7,95,100,8.72,light rain
47,Vestmannaeyjar,IS,63.44,-20.27,52.48,75,84,6.67,broken clouds
48,Mount Gambier,AU,-37.83,140.77,37.4,93,75,8.05,broken clouds
49,Kirksville,US,40.19,-92.58,93.99,49,20,6.93,few clouds
50,Hailar,CN,49.2,119.7,57.02,94,100,4.27,overcast clouds
51,Verkhnevilyuysk,RU,63.45,120.32,38.59,85,0,2.66,clear sky
52,Vostok,RU,46.49,135.88,54.01,85,99,3.47,overcast clouds
53,Pisco,PE,-13.7,-76.22,64.0,77,90,6.93,overcast clouds
54,Praia Da Vitoria,PT,38.73,-27.07,78.8,78,20,5.37,few clouds
55,Dudinka,RU,69.41,86.18,57.2,82,100,13.42,light rain
56,Ulladulla,AU,-35.35,150.47,44.6,65,0,10.29,clear sky
57,Sao Filipe,CV,14.9,-24.5,79.7,81,66,6.06,broken clouds
58,New Norfolk,AU,-42.78,147.06,37.99,87,11,1.01,few clouds
59,Ponta Do Sol,PT,32.67,-17.1,72.0,76,0,6.06,clear sky
60,Hobart,AU,-42.88,147.33,39.2,80,40,6.93,scattered clouds
61,Hermanus,ZA,-34.42,19.23,55.99,95,100,6.26,overcast clouds
62,Katsuura,JP,35.13,140.3,77.0,92,100,7.0,overcast clouds
63,Lorengau,PG,-2.02,147.27,79.03,79,100,7.83,moderate rain
64,Cape Town,ZA,-33.93,18.42,59.0,87,40,10.29,scattered clouds
65,Ust-Ordynskiy,RU,52.8,104.75,53.6,100,40,2.24,scattered clouds
66,Chuy,UY,-33.7,-53.46,55.47,81,0,10.63,clear sky
67,Jamestown,US,42.1,-79.24,81.0,61,1,4.7,clear sky
68,Walvis Bay,NA,-22.96,14.51,55.99,87,0,5.82,clear sky
69,Puerto Ayora,EC,-0.74,-90.35,77.0,53,63,17.22,broken clouds
70,Tuktoyaktuk,CA,69.45,-133.04,64.4,63,40,13.87,scattered clouds
71,Poum,NC,-20.23,164.02,72.05,79,16,20.27,few clouds
72,Taby,SE,59.44,18.07,64.4,63,7,8.05,clear sky
73,Chokurdakh,RU,70.63,147.92,34.68,88,100,10.65,overcast clouds
74,Heihe,CN,50.24,127.49,60.8,93,40,4.47,mist
75,Dauriya,RU,49.93,116.87,55.15,90,23,4.43,few clouds
76,Vaini,TO,-21.2,-175.2,77.0,88,20,9.17,few clouds
77,Nikel,RU,69.41,30.22,57.2,93,20,16.11,few clouds
78,Rocha,UY,-34.48,-54.33,54.28,80,0,8.03,clear sky
79,Qaanaaq,GL,77.48,-69.36,36.79,87,100,5.12,overcast clouds
80,Gizo,SB,-8.1,156.84,80.55,79,100,15.26,light rain
81,Puerto Ayacucho,VE,5.66,-67.62,79.05,85,96,3.33,light rain
82,Upernavik,GL,72.79,-56.15,44.13,86,94,5.23,overcast clouds
83,Marrakesh,MA,31.63,-8.01,91.4,24,40,12.75,scattered clouds
84,Narsaq,GL,60.92,-46.05,55.4,62,0,11.41,clear sky
85,Ketchikan,US,55.34,-131.65,59.0,100,90,9.17,light rain
86,Cam Ranh,VN,11.92,109.16,82.4,94,20,2.24,few clouds
87,Floresta,BR,-8.6,-38.57,83.03,43,43,17.81,scattered clouds
88,Saskylakh,RU,71.92,114.08,39.92,86,0,6.76,clear sky
89,Ouesso,CG,1.61,16.05,72.41,91,99,1.97,overcast clouds
90,Victoria,HK,22.29,114.16,84.0,79,1,8.99,clear sky
91,Nieuw Amsterdam,SR,5.88,-55.08,84.2,74,40,9.17,shower rain
92,Tocache,PE,-8.18,-76.51,82.4,54,87,1.57,overcast clouds
93,Orange,US,33.7,-117.77,91.0,58,75,6.93,broken clouds
94,Rincon,US,32.3,-81.24,84.2,66,75,9.17,broken clouds
95,Norman Wells,CA,65.28,-126.83,68.0,52,20,17.22,few clouds
96,Maceio,BR,-9.67,-35.74,77.0,73,20,9.17,few clouds
97,Yellowknife,CA,62.46,-114.35,60.8,51,20,6.93,few clouds
98,Atuona,PF,-9.8,-139.03,78.44,77,1,15.75,clear sky
99,Surt,LY,31.21,16.59,79.32,80,0,8.14,clear sky
100,San Quintin,MX,30.48,-115.95,80.64,55,0,12.1,clear sky
101,Mamakan,RU,57.82,114.0,57.29,80,100,3.18,overcast clouds
102,Barrow,US,71.29,-156.79,41.0,93,90,5.82,mist
103,Havelock,US,34.88,-76.9,82.4,74,90,8.05,light rain
104,Santiago De Cao,PE,-7.96,-79.24,64.27,73,3,11.7,clear sky
105,Bredasdorp,ZA,-34.53,20.04,55.4,93,100,2.24,overcast clouds
106,Thompson,CA,55.74,-97.86,53.6,100,90,5.82,light rain
107,Innisfail,AU,-17.53,146.03,59.79,64,10,5.66,clear sky
108,Bratsk,RU,56.13,101.61,48.2,100,96,2.24,overcast clouds
109,Karratha,AU,-20.74,116.85,72.28,39,81,4.25,broken clouds
110,San Juan,AR,-31.54,-68.54,69.04,21,0,16.33,clear sky
111,Sitka,US,57.05,-135.33,57.2,87,90,3.36,overcast clouds
112,Altay,CN,47.87,88.12,60.01,43,34,4.18,scattered clouds
113,Goderich,CA,43.75,-81.72,84.99,77,0,1.99,clear sky
114,Yangambi,CD,0.81,24.43,68.63,99,100,0.74,overcast clouds
115,Naze,JP,28.37,129.48,80.6,88,99,6.93,moderate rain
116,Hilo,US,19.73,-155.09,82.4,69,90,5.82,overcast clouds
117,Havre-Saint-Pierre,CA,50.23,-63.6,60.8,72,20,13.87,few clouds
118,Yate,GB,51.54,-2.42,61.0,79,92,5.99,overcast clouds
119,Grand-Santi,GF,4.25,-54.38,82.02,68,42,5.48,light rain
120,Kapoeta,SS,4.77,33.59,76.32,71,100,7.85,light rain
121,Weyburn,CA,49.67,-103.85,80.01,25,0,5.99,clear sky
122,Sangar,RU,63.92,127.47,42.08,71,99,4.09,overcast clouds
123,Maniitsoq,GL,65.42,-52.9,45.48,87,46,4.97,scattered clouds
124,Vila Franca Do Campo,PT,37.72,-25.43,73.4,83,20,10.29,few clouds
125,Salalah,OM,17.02,54.09,77.0,94,90,5.82,overcast clouds
126,General Roca,AR,-39.03,-67.58,69.8,35,0,4.36,clear sky
127,Ushtobe,KZ,45.25,77.98,69.17,27,71,4.0,broken clouds
128,Magdagachi,RU,53.45,125.8,57.13,98,100,8.43,moderate rain
129,Port Hedland,AU,-20.32,118.57,59.0,58,0,4.7,clear sky
130,Castro,BR,-24.79,-50.01,51.01,85,20,8.08,few clouds
131,Salina,US,38.84,-97.61,96.8,30,1,9.17,clear sky
132,Kieta,PG,-6.22,155.63,77.49,81,100,5.17,light rain
133,Bengkulu,ID,-3.8,102.27,75.81,86,100,4.29,overcast clouds
134,Kupang,ID,-10.17,123.58,71.29,63,0,5.61,clear sky
135,Avarua,CK,-21.21,-159.78,77.0,69,2,11.41,clear sky
136,Broome,US,42.25,-75.83,84.0,56,31,4.09,scattered clouds
137,Ostrovnoy,RU,68.05,39.51,58.14,90,32,16.96,scattered clouds
138,Myskhako,RU,44.67,37.74,66.2,52,0,11.18,clear sky
139,Hithadhoo,MV,-0.6,73.08,82.54,79,51,13.15,light rain
140,Mahon,ES,39.89,4.27,75.2,69,0,5.82,clear sky
141,Glinka,RU,54.64,32.88,60.51,79,100,9.37,overcast clouds
142,Kavieng,PG,-2.57,150.8,77.72,91,99,15.08,moderate rain
143,Sokolo,ML,14.73,-6.12,84.88,54,50,8.32,scattered clouds
144,Vila Velha,BR,-20.33,-40.29,72.0,64,43,13.87,scattered clouds
145,Kloulklubed,PW,7.04,134.26,80.6,83,75,6.93,broken clouds
146,Shingu,JP,33.73,135.98,74.68,87,2,3.29,clear sky
147,Chengdu,CN,30.67,104.07,75.0,94,40,2.24,thunderstorm with light rain
148,Guerrero Negro,MX,27.98,-114.06,85.95,43,27,19.48,scattered clouds
149,Riyadh,SA,24.69,46.72,96.8,13,58,6.93,broken clouds
150,Shenjiamen,CN,29.96,122.3,80.47,83,0,11.52,clear sky
151,Iqaluit,CA,63.75,-68.51,48.2,76,40,4.7,scattered clouds
152,Sapele,NG,5.89,5.68,75.11,86,100,3.94,overcast clouds
153,Eydhafushi,MV,5.1,73.07,82.38,71,100,3.96,light rain
154,Nanortalik,GL,60.14,-45.24,46.51,79,0,5.53,clear sky
155,Dikson,RU,73.51,80.55,45.21,83,0,10.85,clear sky
156,Ambo,PE,-10.13,-76.2,70.63,40,24,10.29,few clouds
157,Harper,LR,4.38,-7.72,76.71,79,94,9.28,overcast clouds
158,Saint-Michel-Des-Saints,CA,46.68,-73.92,75.0,7,97,2.93,overcast clouds
159,Takoradi,GH,4.88,-1.76,74.23,89,11,7.87,few clouds
160,Mar Del Plata,AR,-38.0,-57.56,61.0,66,0,13.87,clear sky
161,Portage,US,41.17,-81.2,84.99,51,40,5.79,scattered clouds
162,Georgetown,MY,5.41,100.34,80.01,94,20,3.4,few clouds
163,Ulaangom,MN,49.98,92.07,54.84,63,100,2.35,overcast clouds
164,Indramayu,ID,-6.33,108.32,79.3,79,99,8.32,overcast clouds
165,Carlagan,PH,14.97,122.05,80.73,83,100,6.53,overcast clouds
166,Sinnamary,GF,5.38,-52.95,82.2,76,28,10.4,scattered clouds
167,Talnakh,RU,69.49,88.4,57.2,82,100,13.42,overcast clouds
168,Lebu,CL,-37.62,-73.65,51.13,91,100,18.7,light rain
169,Saint George,US,37.1,-113.58,104.0,21,1,5.82,clear sky
170,Tansen,NP,27.87,83.55,64.4,100,96,2.75,overcast clouds
171,Misratah,LY,32.38,15.09,80.44,83,4,11.48,clear sky
172,Youkounkoun,GN,12.53,-13.13,78.37,81,100,1.01,light rain
173,Along,IN,28.17,94.77,72.41,88,82,1.34,broken clouds
174,Cabo San Lucas,MX,22.89,-109.91,91.4,52,40,6.93,scattered clouds
175,Souillac,MU,-20.52,57.52,71.6,73,40,18.34,scattered clouds
176,Tasiilaq,GL,65.61,-37.64,42.8,87,0,6.93,clear sky
177,Buchanan,LR,5.88,-10.05,77.0,94,40,12.55,scattered clouds
178,Margate,GB,51.38,1.39,66.0,78,100,1.99,overcast clouds
179,Derzhavinsk,KZ,51.1,66.32,58.68,72,44,6.87,scattered clouds
180,Suchitoto,SV,13.94,-89.03,73.4,94,40,6.93,scattered clouds
181,Tiksi,RU,71.69,128.87,39.13,80,99,10.27,overcast clouds
182,Aklavik,CA,68.22,-135.01,68.0,52,75,12.75,broken clouds
183,Lincoln,US,40.8,-96.67,97.0,41,1,8.05,clear sky
184,Mount Isa,AU,-20.73,139.5,44.6,45,0,1.12,clear sky
185,San Patricio,MX,19.22,-104.7,89.6,66,40,11.41,scattered clouds
186,Praia,CV,14.92,-23.51,82.4,69,75,6.93,broken clouds
187,Abu Kamal,SY,34.45,40.92,82.24,22,0,13.56,clear sky
188,Lavrentiya,RU,65.58,-171.0,47.21,93,100,4.99,overcast clouds
189,Canandaigua,US,42.87,-77.29,87.01,59,16,1.99,few clouds
190,Chapais,CA,49.78,-74.85,66.2,48,40,5.82,scattered clouds
191,Sao Miguel Do Araguaia,BR,-13.28,-50.16,89.62,28,59,6.96,broken clouds
192,Butaritari,KI,3.07,172.79,82.78,69,97,10.56,overcast clouds
193,Poltavka,RU,54.37,71.76,51.78,94,66,5.61,broken clouds
194,Flinders,AU,-34.58,150.86,48.99,63,0,8.99,clear sky
195,Dukat,RU,62.55,155.55,32.52,96,100,3.67,overcast clouds
196,Lompoc,US,34.64,-120.46,75.2,69,1,6.93,clear sky
197,Pskov,RU,57.81,28.35,62.6,82,100,2.24,overcast clouds
198,Bambous Virieux,MU,-20.34,57.76,71.6,73,40,18.34,scattered clouds
199,Jesup,US,31.61,-81.89,84.2,70,40,12.75,scattered clouds
200,Berbera,SO,10.44,45.01,91.69,42,35,18.14,scattered clouds
201,Lethem,GY,3.38,-59.8,83.8,71,52,3.51,moderate rain
202,Alekseyevsk,RU,57.84,108.35,50.23,84,24,3.96,few clouds
203,Nouadhibou,MR,20.93,-17.03,75.2,78,0,14.99,clear sky
204,Lerwick,GB,60.15,-1.15,50.0,81,95,13.87,overcast clouds
205,Kaeo,NZ,-35.1,173.78,57.0,3,72,11.01,light rain
206,Mocorito,MX,25.48,-107.92,100.0,51,57,5.99,broken clouds
207,Oussouye,SN,12.48,-16.55,79.52,84,99,5.77,overcast clouds
208,Luancheng,CN,37.88,114.65,73.4,88,75,8.95,broken clouds
209,Chupaca,PE,-12.07,-75.28,64.92,35,41,11.41,scattered clouds
210,Kodiak,US,57.79,-152.41,60.8,77,90,3.36,overcast clouds
211,Jalu,LY,29.03,21.55,79.92,53,0,18.68,clear sky
212,Itoman,JP,26.12,127.67,82.4,88,75,32.21,light intensity shower rain
213,Marawi,PH,8.0,124.29,75.0,91,73,4.0,broken clouds
214,Bethel,US,41.37,-73.41,87.01,54,1,10.29,clear sky
215,Port Hardy,CA,50.7,-127.42,55.4,93,75,5.82,broken clouds
216,Maryville,US,35.76,-83.97,86.0,62,40,3.36,scattered clouds
217,Hay River,CA,60.82,-115.8,59.0,67,75,11.41,broken clouds
218,Anapskaya,RU,44.89,37.38,66.2,52,0,11.18,clear sky
219,Luderitz,NA,-26.65,15.16,59.04,71,0,11.23,clear sky
220,Opunake,NZ,-39.46,173.86,53.01,87,69,8.01,light rain
221,Front Royal,US,38.92,-78.19,89.01,61,75,3.36,broken clouds
222,Olafsvik,IS,64.89,-23.71,51.08,71,11,7.34,few clouds
223,Katobu,ID,-4.94,122.53,70.61,93,25,3.27,scattered clouds
224,Labuhan,ID,-6.88,112.21,76.35,83,16,6.46,few clouds
225,Severo-Kurilsk,RU,50.68,156.12,53.28,78,31,0.22,scattered clouds
226,Virginia Beach,US,36.85,-75.98,89.6,49,75,14.99,broken clouds
227,Sabana Grande De Boya,DO,18.95,-69.79,87.8,79,90,6.93,overcast clouds
228,Ribeira Grande,PT,38.52,-28.7,75.2,88,40,8.05,scattered clouds
229,Pacific Grove,US,36.62,-121.92,81.0,60,40,4.7,smoke
230,Kaitangata,NZ,-46.28,169.85,53.01,91,93,15.99,overcast clouds
231,Sokoto,NG,13.06,5.24,80.44,73,98,8.43,moderate rain
232,Juneau,US,58.3,-134.42,57.99,93,90,6.93,moderate rain
233,Bandarbeyla,SO,9.49,50.81,75.87,76,91,31.09,overcast clouds
234,Kysyl-Syr,RU,63.9,122.76,39.27,85,0,5.7,clear sky
235,Gwadar,PK,25.12,62.33,82.08,84,77,8.01,broken clouds
236,Namatanai,PG,-3.67,152.43,79.5,80,97,5.73,light rain
237,Kasongo-Lunda,CD,-6.47,16.82,74.57,79,100,4.88,overcast clouds
238,Mastic Beach,US,40.77,-72.85,82.99,69,1,11.41,clear sky
239,Valparaiso,CL,-33.04,-71.63,57.2,66,59,19.46,broken clouds
240,Atar,MR,20.52,-13.05,101.71,22,20,10.22,few clouds
241,Porbandar,IN,21.64,69.61,81.48,85,100,20.47,light rain
242,Amapa,BR,1.0,-52.0,86.49,56,35,1.5,scattered clouds
243,Aswan,EG,24.09,32.91,87.49,22,0,8.48,clear sky
244,Surab,PK,28.49,66.26,73.47,65,6,3.87,clear sky
245,Fairbanks,US,64.84,-147.72,64.99,68,90,1.5,overcast clouds
246,Xining,CN,36.62,101.77,52.0,81,11,2.28,few clouds
247,Quatre Cocos,MU,-20.21,57.76,71.6,73,40,18.34,scattered clouds
248,Komsomolskiy,UZ,40.43,71.72,75.2,38,0,6.93,clear sky
249,Antalaha,MG,-14.9,50.28,67.33,85,63,7.72,broken clouds
250,East London,ZA,-33.02,27.91,60.82,75,4,6.58,clear sky
251,Faanui,PF,-16.48,-151.75,76.64,78,16,19.53,few clouds
252,Urucara,BR,-2.54,-57.76,90.32,38,78,1.48,broken clouds
253,Geraldton,AU,-28.77,114.6,46.4,93,0,9.17,clear sky
254,Aktash,RU,50.3,87.73,36.81,84,96,3.11,overcast clouds
255,Itaituba,BR,-4.28,-55.98,95.38,30,74,2.71,broken clouds
256,Rio Grande,BR,-32.03,-52.1,66.2,63,0,23.04,clear sky
257,Outjo,NA,-20.12,16.15,58.28,36,0,1.66,clear sky
258,Zyryanka,RU,65.75,150.85,38.82,82,99,9.57,overcast clouds
259,Itarema,BR,-2.92,-39.92,78.15,75,19,17.67,few clouds
260,Ballina,AU,-28.87,153.57,51.01,59,0,8.05,clear sky
261,Marion,US,39.77,-86.16,87.01,51,40,9.17,scattered clouds
262,Makakilo City,US,21.35,-158.09,86.0,58,75,8.05,broken clouds
263,Coquimbo,CL,-29.95,-71.34,57.2,58,75,12.75,broken clouds
264,Sampit,ID,-2.53,112.95,73.27,92,0,0.96,clear sky
265,Novyy Urengoy,RU,66.08,76.63,54.73,87,99,8.43,light rain
266,Kankan,GN,10.39,-9.31,73.04,92,81,4.41,moderate rain
267,Morant Bay,JM,17.88,-76.41,89.6,70,75,12.75,broken clouds
268,Susanville,US,40.42,-120.65,86.0,17,1,3.36,haze
269,Huoqiu,CN,32.34,116.27,77.41,90,0,4.88,clear sky
270,Piopio,NZ,-38.47,175.02,57.0,84,100,8.99,moderate rain
271,Powell River,CA,49.85,-124.54,64.4,72,75,8.05,broken clouds
272,Srednekolymsk,RU,67.45,153.68,36.97,81,100,9.91,overcast clouds
273,Rockhampton,AU,-23.38,150.5,42.8,75,0,2.1,clear sky
274,Cintalapa,MX,16.7,-93.73,76.8,90,65,1.54,moderate rain
275,Oberwart,AT,47.29,16.21,68.0,17,100,3.11,light rain
276,Fare,PF,-16.7,-151.02,77.4,76,0,19.1,clear sky
277,Slave Lake,CA,55.28,-114.77,64.4,55,90,11.41,overcast clouds
278,Divnoye,RU,45.91,43.35,61.61,48,2,6.13,clear sky
279,Deputatskiy,RU,69.3,139.9,31.57,98,100,3.44,overcast clouds
280,Zhuanghe,CN,39.7,122.99,78.01,91,100,3.0,light rain
281,Chalons-En-Champagne,FR,48.95,4.37,64.4,67,31,2.24,scattered clouds
282,Namibe,AO,-15.2,12.15,67.33,84,87,1.21,overcast clouds
283,Alikovo,RU,55.74,46.75,60.8,72,16,6.71,few clouds
284,Luanda,AO,-8.84,13.23,69.8,94,40,2.24,scattered clouds
285,Eureka,US,40.8,-124.16,70.0,79,6,4.0,clear sky
286,Menongue,AO,-14.66,17.69,58.32,37,69,1.32,broken clouds
287,Nahrin,AF,36.06,69.13,72.59,21,0,4.74,clear sky
288,Esperance,AU,-33.87,121.9,48.2,100,40,8.05,scattered clouds
289,Vanimo,PG,-2.67,141.3,77.04,82,100,2.75,moderate rain
290,Port Lavaca,US,28.61,-96.63,93.99,52,40,17.22,scattered clouds
291,Alyangula,AU,-13.85,136.42,53.6,93,0,2.24,clear sky
292,Isangel,VU,-19.55,169.27,79.48,81,16,4.92,few clouds
293,Cockburn Town,TC,21.46,-71.14,84.24,81,100,25.75,overcast clouds
294,Verkhovazhye,RU,60.75,42.05,60.39,81,100,6.53,overcast clouds
295,Pangnirtung,CA,66.15,-65.71,44.6,87,75,5.82,fog
296,Danville,US,36.59,-79.39,84.99,62,20,11.41,few clouds
297,Seminole,US,28.71,-81.21,91.99,55,1,17.22,clear sky
298,Moncton,CA,46.12,-64.8,82.4,26,75,20.8,broken clouds
299,Cabanas,CU,22.98,-82.92,93.2,56,40,6.93,scattered clouds
300,Lensk,RU,60.73,114.93,42.71,66,0,5.39,clear sky
301,Suntar,RU,62.14,117.63,40.17,77,0,3.38,clear sky
302,Saint-Louis,SN,16.33,-15.0,87.76,54,96,17.34,overcast clouds
303,Clarence Town,AU,-32.58,151.78,50.0,66,0,19.46,clear sky
304,Lasa,IT,46.62,10.7,60.8,72,5,3.36,clear sky
305,Ahipara,NZ,-35.17,173.17,56.68,80,91,18.14,light rain
306,Ust-Nera,RU,64.57,143.2,39.63,67,99,6.46,overcast clouds
307,La Asuncion,VE,11.03,-63.86,86.0,66,41,5.82,light rain
308,Fortuna,US,40.6,-124.16,66.99,77,20,13.87,few clouds
309,Lucea,JM,18.45,-78.17,88.0,74,20,11.41,few clouds
310,Pangody,RU,65.85,74.49,52.79,90,85,8.84,overcast clouds
311,Egvekinot,RU,66.32,-179.17,48.06,89,97,2.19,light rain
312,Grindavik,IS,63.84,-22.43,51.8,76,44,6.93,scattered clouds
313,Lata,PT,40.16,-8.33,68.0,89,0,1.99,clear sky
314,Saint-Augustin,CA,51.23,-58.65,63.39,71,68,7.16,moderate rain
315,Kavaratti,IN,10.57,72.64,81.75,82,88,13.94,light rain
316,Strzelce Krajenskie,PL,52.88,15.53,61.0,81,14,1.01,few clouds
317,Verkhniy Lomov,RU,53.47,43.55,56.7,69,0,3.38,clear sky
318,Saint-Pierre,RE,-21.34,55.48,66.2,77,3,5.82,clear sky
319,Asau,RO,46.43,26.4,62.01,95,1,2.91,clear sky
320,Monthey,CH,46.26,6.96,69.8,49,21,11.41,few clouds
321,Mahebourg,MU,-20.41,57.7,71.6,73,40,18.34,scattered clouds
322,Burriana,ES,39.89,-0.09,80.01,76,46,2.15,scattered clouds
323,Puerto Baquerizo Moreno,EC,-0.9,-89.6,73.4,73,75,21.92,broken clouds
324,Ust-Maya,RU,60.42,134.53,42.13,70,45,0.43,scattered clouds
325,Avare,BR,-23.1,-48.93,59.02,67,0,10.22,clear sky
326,Nara,JP,34.69,135.8,81.0,88,40,4.7,scattered clouds
327,Polyarnyy,RU,69.2,33.45,59.0,93,75,2.24,light intensity shower rain
328,Mende,FR,44.67,3.5,48.43,93,21,6.46,few clouds
329,Westport,US,41.14,-73.36,84.99,62,1,13.87,clear sky
330,Nalut,LY,30.33,10.85,83.16,30,0,14.88,clear sky
331,Gopalganj,IN,26.47,84.43,82.81,74,3,3.13,clear sky
332,Provideniya,RU,64.38,-173.3,51.8,76,90,2.24,light intensity drizzle
333,Pasighat,IN,28.07,95.33,76.57,82,79,2.64,broken clouds
334,Plettenberg Bay,ZA,-34.05,23.37,57.36,77,100,6.31,overcast clouds
335,San Sebastian Coatan,GT,15.74,-91.57,61.21,93,95,2.19,heavy intensity rain
336,Hamilton,US,39.18,-84.53,88.0,65,40,3.31,light rain
337,Atambua,ID,-9.11,124.89,66.45,57,1,4.88,clear sky
338,Hobyo,SO,5.35,48.53,75.78,78,43,25.03,scattered clouds
339,Alta Floresta,BR,-9.88,-56.09,95.0,26,0,3.36,clear sky
340,Kapuskasing,CA,49.42,-82.43,73.4,56,40,4.7,scattered clouds
341,Christchurch,NZ,-43.53,172.63,53.01,93,80,4.7,broken clouds
342,Alice Springs,AU,-23.7,133.88,44.6,42,0,5.1,clear sky
343,Daru,PG,-9.08,143.21,75.54,77,100,12.91,overcast clouds
344,Kosonsoy,UZ,41.26,71.55,75.2,38,0,6.93,clear sky
345,Uvarovka,RU,55.53,35.61,58.32,87,100,6.49,overcast clouds
346,Khani,GE,41.96,42.96,64.4,93,75,5.82,broken clouds
347,San Juan De Los Morros,VE,9.91,-67.35,78.58,84,38,2.24,light rain
348,Malampaka,TZ,-3.13,33.53,69.35,46,10,6.71,clear sky
349,Severo-Yeniseyskiy,RU,60.37,93.04,46.54,94,67,2.89,broken clouds
350,Ugoofaaru,MV,5.67,73.0,83.25,71,82,6.29,light rain
351,Burnie,AU,-41.07,145.92,41.0,73,85,8.99,overcast clouds
352,Kudahuvadhoo,MV,2.67,72.89,83.08,70,100,4.68,light rain
353,Clyde River,CA,70.47,-68.59,43.5,83,100,5.21,overcast clouds
354,Bima,ID,-8.47,118.72,71.83,87,8,3.56,clear sky
355,Brigantine,US,39.41,-74.36,82.4,74,40,12.75,scattered clouds
356,Meghri,AM,38.9,46.24,58.66,65,78,4.23,broken clouds
357,Jieshi,CN,22.81,115.83,81.79,79,85,5.99,overcast clouds
358,Ancud,CL,-41.87,-73.82,51.01,93,90,10.29,overcast clouds
359,Lagoa,PT,39.05,-27.98,73.29,90,0,15.14,clear sky
360,Mragowo,PL,53.86,21.31,62.6,77,21,3.36,few clouds
361,Aracati,BR,-4.56,-37.77,77.99,72,89,15.39,overcast clouds
362,Fenoarivo,MG,-18.93,47.44,51.8,93,20,5.82,few clouds
363,Goure,NE,13.98,10.27,86.43,47,96,9.4,overcast clouds
364,Kingman,US,35.19,-114.05,102.99,30,40,11.41,scattered clouds
365,Shelburne,CA,44.08,-80.2,89.6,40,20,13.87,few clouds
366,Salta,AR,-24.79,-65.41,68.0,16,75,8.05,broken clouds
367,Jimenez,MX,28.33,-105.4,93.2,17,40,14.99,scattered clouds
368,Were Ilu,ET,10.6,39.43,52.63,89,15,1.5,light rain
369,Kuching,MY,1.55,110.33,78.8,94,40,2.24,thunderstorm
370,Weihe,CN,33.0,105.32,58.33,74,100,7.67,overcast clouds
371,Rrogozhine,AL,41.08,19.67,75.2,83,15,2.24,few clouds
372,Half Moon Bay,US,37.46,-122.43,80.01,60,40,6.93,smoke
373,Vredefort,ZA,-27.01,27.36,53.37,42,0,2.91,clear sky
374,Muroto,JP,33.28,134.15,81.25,77,0,7.92,clear sky
375,Pevek,RU,69.7,170.31,37.44,95,100,3.69,overcast clouds
376,Talavera,PH,15.62,120.93,75.47,92,89,1.28,overcast clouds
377,Aliquippa,US,40.64,-80.24,87.8,48,40,9.17,scattered clouds
378,Nenjiang,CN,49.18,125.22,59.81,92,98,5.48,overcast clouds
379,Opuwo,NA,-18.06,13.84,60.33,33,3,4.59,clear sky
380,Imbituba,BR,-28.24,-48.67,62.6,82,75,3.36,broken clouds
381,Gat,IL,31.61,34.76,82.0,33,0,1.01,clear sky
382,Grandola,PT,38.18,-8.57,64.99,86,28,10.0,scattered clouds
383,Beringovskiy,RU,63.05,179.32,53.74,79,36,2.33,scattered clouds
384,Rawson,AR,-43.3,-65.1,63.14,30,86,9.28,overcast clouds
385,Soto La Marina,MX,23.77,-98.22,91.0,68,18,8.01,few clouds
386,Sambava,MG,-14.27,50.17,69.44,84,84,11.65,light rain
387,Qurayyat,SA,31.33,37.34,82.4,42,0,20.8,clear sky
388,Mehamn,NO,71.04,27.85,57.2,87,40,3.36,scattered clouds
389,Ashford,GB,51.15,0.87,63.0,67,100,4.0,overcast clouds
390,Harriston,CA,43.9,-80.88,84.99,57,12,10.0,light rain
391,Sisimiut,GL,66.94,-53.67,46.76,78,3,4.21,clear sky
392,Miyako,JP,39.64,141.95,72.34,89,97,3.56,overcast clouds
393,Nuuk,GL,64.18,-51.72,41.0,93,90,4.7,overcast clouds
394,Nagato,JP,34.38,131.2,78.8,88,20,1.12,few clouds
395,Kodinsk,RU,58.69,99.18,51.93,90,6,1.54,clear sky
396,Casper,US,42.87,-106.31,97.0,11,1,9.17,clear sky
397,Suzuka,JP,34.88,136.58,77.0,83,20,5.82,few clouds
398,Ciudad Bolivar,VE,8.12,-63.55,84.69,70,93,5.19,light rain
399,Berlevag,NO,70.86,29.09,59.0,87,40,3.36,scattered clouds
400,Nemuro,JP,43.32,145.57,63.97,94,7,7.18,clear sky
401,Rurrenabaque,BO,-14.44,-67.53,80.65,44,0,1.81,clear sky
402,Sakaiminato,JP,35.55,133.23,73.4,100,40,4.7,scattered clouds
403,Ganzhou,CN,28.82,115.43,79.48,81,0,1.97,clear sky
404,Tura,IN,25.52,90.22,74.01,95,1,4.05,clear sky
405,Chardara,KZ,41.25,67.97,79.09,30,45,3.04,scattered clouds
406,Mae Sai,TH,20.43,99.88,75.2,100,75,0.45,broken clouds
407,Malaya Serdoba,RU,52.47,44.95,56.44,72,0,2.59,clear sky
408,Agirish,RU,61.92,63.02,48.07,94,1,5.17,clear sky
409,Manado,ID,1.49,124.85,75.2,83,20,1.12,few clouds
410,Najran,SA,17.49,44.13,89.6,18,100,4.7,overcast clouds
411,Rudbar,AF,30.15,62.6,90.73,39,0,12.28,clear sky
412,Great Yarmouth,GB,52.61,1.73,61.0,98,100,14.12,overcast clouds
413,North Bend,US,43.41,-124.22,82.0,72,20,12.75,few clouds
414,Kununurra,AU,-15.77,128.73,60.8,32,0,1.12,clear sky
415,Hambantota,LK,6.12,81.12,78.94,84,20,10.67,few clouds
416,Birao,CF,10.28,22.79,71.19,93,97,2.71,overcast clouds
417,Paka,MY,4.64,103.44,75.2,94,25,3.18,scattered clouds
418,Ternate,ID,0.8,127.4,79.12,81,55,1.48,light rain
419,Fez,MA,34.04,-5.0,86.0,35,3,9.17,clear sky
420,Hede,CN,33.77,120.25,74.39,95,0,6.82,clear sky
421,Bom Jardim,BR,-7.8,-35.59,78.8,57,20,17.22,few clouds
422,Bonthe,SL,7.53,-12.51,77.22,88,100,12.28,moderate rain
423,Vaitape,PF,-16.52,-151.75,77.47,77,17,19.55,few clouds
424,Darhan,MN,49.49,105.92,53.51,86,35,2.68,scattered clouds
425,Haapiti,PF,-17.57,-149.87,80.6,65,75,5.82,broken clouds
426,Samus,RU,56.75,84.7,55.0,88,2,3.78,clear sky
427,Youghal,IE,51.95,-7.85,59.0,100,75,6.93,broken clouds
428,Dingle,PH,11.0,122.67,76.1,88,76,1.43,broken clouds
429,Meulaboh,ID,4.14,96.13,76.96,85,100,4.61,overcast clouds
430,Abu Samrah,SY,35.3,37.18,71.64,38,0,5.35,clear sky
431,Vitim,RU,59.45,112.56,47.86,73,0,4.65,clear sky
432,Kijang,KR,35.24,129.21,75.2,83,36,4.7,scattered clouds
433,Sabang,ID,5.89,95.32,83.52,70,46,6.33,scattered clouds
434,Tiarei,PF,-17.53,-149.33,80.6,65,75,5.82,broken clouds
435,Henties Bay,NA,-22.12,14.28,55.99,88,0,5.99,clear sky
436,Balgazyn,RU,51.0,95.2,49.23,70,92,1.3,overcast clouds
437,Santa,PH,17.49,120.43,76.8,83,84,4.88,broken clouds
438,Nizwa,OM,22.93,57.53,85.62,55,100,4.88,overcast clouds
439,Majene,ID,-3.54,118.97,75.56,82,2,7.78,clear sky
440,Mareeba,AU,-17.0,145.43,59.0,72,47,4.7,scattered clouds
441,Seddon,AU,-37.81,144.89,46.0,93,90,10.29,overcast clouds
442,Tigil,RU,57.8,158.67,46.62,83,70,7.56,broken clouds
443,Bandar-E Lengeh,IR,26.56,54.88,88.29,80,0,15.28,clear sky
444,Novobirilyussy,RU,56.95,90.67,53.35,97,98,1.95,light rain
445,Santa Margherita Ligure,IT,44.33,9.21,75.99,79,3,1.99,clear sky
446,Umm Lajj,SA,25.02,37.27,83.07,60,0,1.86,clear sky
447,Safaga,EG,26.73,33.94,87.8,40,0,1.95,clear sky
448,Zhangye,CN,38.93,100.45,68.0,38,0,6.2,clear sky
449,Carballo,ES,43.21,-8.69,66.99,82,0,5.82,clear sky
450,Yulara,AU,-25.24,130.99,53.6,41,0,5.82,clear sky
451,Vardo,NO,70.37,31.11,55.4,93,97,17.22,overcast clouds
452,Kruisfontein,ZA,-34.0,24.73,55.99,84,100,1.01,overcast clouds
453,Kirakira,SB,-10.45,161.92,81.25,78,100,7.49,moderate rain
454,Touros,BR,-5.2,-35.46,78.8,65,20,12.75,few clouds
455,Ovre Ardal,NO,61.32,7.8,46.4,70,40,38.03,shower rain
456,San Policarpo,PH,12.18,125.51,79.21,82,0,6.2,clear sky
457,Labytnangi,RU,66.66,66.42,51.85,84,81,4.29,broken clouds
458,Mokhsogollokh,RU,61.47,128.92,41.72,79,23,3.69,few clouds
459,Swan Hill,AU,-35.34,143.55,34.16,94,0,5.95,clear sky
460,Moose Factory,CA,51.26,-80.61,57.2,71,1,12.75,clear sky
461,Kuruman,ZA,-27.45,23.43,53.01,57,0,3.87,clear sky
462,Chalmette,US,29.94,-89.96,86.0,79,75,12.75,broken clouds
463,Houma,US,29.6,-90.72,84.2,74,40,12.75,scattered clouds
464,Aflao,TG,6.12,1.19,75.2,88,20,10.29,few clouds
465,Aitape,PG,-3.14,142.35,76.44,82,100,2.59,light rain
466,Belaya Gora,RU,68.53,146.42,36.73,81,97,8.5,overcast clouds
467,Belyy Yar,RU,53.6,91.39,59.0,72,84,6.71,broken clouds
468,Zandvoort,NL,52.37,4.53,61.0,87,20,5.82,few clouds
469,Payson,US,40.04,-111.73,95.0,16,1,5.82,clear sky
470,Heyang,CN,26.1,107.47,68.74,94,22,3.04,few clouds
471,Vagur,FO,61.47,-6.81,50.13,75,23,14.67,few clouds
472,Farmington,US,36.73,-108.22,97.0,14,1,4.7,clear sky
473,Klaksvik,FO,62.23,-6.59,46.4,81,73,8.05,broken clouds
474,Missoula,US,47.02,-113.8,87.01,28,1,7.94,clear sky
475,Neyshabur,IR,36.21,58.8,73.4,37,0,0.58,clear sky
476,Svetlogorsk,BY,52.63,29.73,63.95,98,96,1.61,moderate rain
477,Hualmay,PE,-11.1,-77.61,65.03,69,6,8.46,clear sky
478,Tabuk,PH,17.42,121.44,73.11,81,61,2.46,broken clouds
479,Gazli,UZ,40.13,63.45,82.45,27,45,15.01,scattered clouds
480,Korhogo,CI,9.45,-5.63,72.48,93,12,4.14,light rain
481,Comodoro Rivadavia,AR,-45.87,-67.5,50.0,71,40,5.82,scattered clouds
482,Florianopolis,BR,-27.61,-48.5,64.0,82,75,3.36,broken clouds
483,San Jose,US,37.34,-121.89,95.0,51,90,10.29,smoke
484,Kankakee,US,41.15,-87.87,84.99,70,40,4.7,moderate rain
485,Nelson Bay,AU,-32.72,152.15,50.0,66,0,19.46,clear sky
486,Matamoros,MX,25.53,-103.25,90.0,24,75,4.7,broken clouds
487,Cotonou,BJ,6.37,2.42,75.2,94,20,10.29,few clouds
488,Beyneu,KZ,45.32,55.2,69.04,49,100,10.8,overcast clouds
489,Antofagasta,CL,-23.65,-70.4,59.0,72,20,9.17,few clouds
490,Qaqortoq,GL,60.72,-46.03,55.4,62,0,11.41,clear sky
491,Trinidad,BO,-14.83,-64.9,78.8,50,0,3.36,clear sky
492,Mecca,SA,21.43,39.83,91.54,28,0,4.59,clear sky
493,Ako,JP,34.75,134.4,75.99,94,0,1.01,clear sky
494,Nantucket,US,41.28,-70.1,75.0,94,90,11.41,fog
495,Faya,SA,18.39,42.45,71.6,83,59,2.28,broken clouds
496,Boa Vista,BR,2.82,-60.67,82.4,65,40,13.87,scattered clouds
497,Nyurba,RU,63.28,118.33,39.13,86,0,3.44,clear sky
498,Grants Pass,US,42.44,-123.33,86.0,28,1,3.36,clear sky
499,Soyo,AO,-6.13,12.37,73.24,91,40,6.31,scattered clouds
500,Petropavlovsk-Kamchatskiy,RU,53.05,158.65,50.0,100,40,2.24,light intensity shower rain
501,Laguna,US,38.42,-121.42,96.01,13,90,9.17,haze
502,The Valley,AI,18.22,-63.06,87.8,70,40,13.87,scattered clouds
503,Orsha,BY,54.52,30.41,63.68,97,100,6.26,heavy intensity rain
504,Singkang,MY,2.1,102.8,75.2,88,20,1.39,few clouds
505,Bundaberg,AU,-24.85,152.35,52.0,42,0,5.82,clear sky
506,Sawtell,AU,-30.38,153.1,41.0,60,0,5.82,clear sky
507,Pacifica,US,37.61,-122.49,69.8,64,75,14.99,smoke
508,Mercedes,AR,-34.65,-59.43,69.01,40,5,4.0,clear sky
509,Tomatlan,MX,19.93,-105.25,89.47,65,58,9.17,light rain
510,Glenluce,GB,54.88,-4.81,53.01,92,47,3.0,scattered clouds
511,Tsiroanomandidy,MG,-18.77,46.03,61.68,61,0,4.14,clear sky
512,Rio Negro,BR,-26.11,-49.8,46.99,91,48,1.01,scattered clouds
513,Susacon,CO,6.23,-72.69,62.55,72,89,1.23,moderate rain
514,Huanren,CN,41.26,125.37,62.73,91,100,3.78,overcast clouds
515,Champerico,GT,14.3,-91.92,86.0,66,75,6.93,broken clouds
516,Porirua,NZ,-41.13,174.85,54.0,78,95,5.99,light rain
517,Constitucion,CL,-35.33,-72.42,53.11,75,100,17.92,overcast clouds
518,Byron Bay,AU,-28.65,153.62,51.01,57,0,8.05,clear sky
519,George,ZA,-33.96,22.46,57.2,87,100,2.24,overcast clouds
520,Bambanglipuro,ID,-7.95,110.28,72.79,90,13,3.69,few clouds
521,Yeppoon,AU,-23.13,150.73,42.8,75,0,4.94,clear sky
522,Torbay,CA,47.67,-52.73,66.2,68,75,6.93,broken clouds
523,Erzin,TR,36.96,36.2,82.99,60,0,1.95,clear sky
524,Nefteyugansk,RU,61.1,72.6,53.6,100,59,4.47,broken clouds
525,Kamenka,RU,51.32,42.77,55.99,73,0,3.4,clear sky
526,Wajir,KE,1.75,40.06,76.44,60,94,18.57,overcast clouds
527,Batagay,RU,67.63,134.63,36.81,90,46,3.4,scattered clouds
528,Illapel,CL,-31.63,-71.17,58.21,56,8,8.1,clear sky
529,Zhigansk,RU,66.77,123.37,39.34,91,6,15.61,clear sky
530,Luau,AO,-10.71,22.22,66.38,33,18,2.06,few clouds
531,Mus,TR,39.0,41.75,59.58,49,0,6.44,clear sky
532,Sonqor,IR,34.78,47.6,69.8,28,0,9.17,clear sky
533,Tazovskiy,RU,67.47,78.7,52.5,97,100,9.46,light rain
534,Savannah Bight,HN,16.45,-85.85,84.43,77,100,10.74,overcast clouds
535,Takhtamygda,RU,54.1,123.57,51.66,94,100,5.37,moderate rain
536,Mayo,US,38.89,-76.51,91.0,79,20,11.41,few clouds
537,Awjilah,LY,29.11,21.29,79.07,57,0,18.81,clear sky
538,Victor Harbor,AU,-35.57,138.62,41.0,91,78,5.66,broken clouds
539,Cativa,PA,9.36,-79.84,82.0,78,100,7.0,light rain
540,Assiniboia,CA,49.63,-105.98,80.87,21,0,7.52,clear sky
541,Eguia,PH,15.91,119.89,79.47,83,98,4.97,overcast clouds
542,Avera,US,33.19,-82.53,81.0,100,75,5.82,broken clouds
543,Vilhena,BR,-12.74,-60.15,87.8,35,19,3.36,few clouds
544,Mildura,AU,-34.2,142.15,36.0,100,0,4.7,clear sky
545,Bubaque,GW,11.28,-15.83,80.78,83,97,12.21,overcast clouds
546,Dabola,GN,10.75,-11.12,73.09,86,100,0.27,moderate rain
547,Jeremie,HT,18.65,-74.12,77.31,87,100,13.49,heavy intensity rain
548,Placido De Castro,BR,-10.34,-67.19,88.92,30,0,3.36,clear sky
549,Muzhi,RU,65.37,64.67,51.03,81,84,5.37,broken clouds
550,Okahandja,NA,-21.98,16.92,62.6,23,0,3.36,clear sky
551,Te Anau,NZ,-45.42,167.72,40.6,84,97,0.98,overcast clouds
552,Noumea,NC,-22.28,166.46,73.0,94,90,2.24,overcast clouds
553,Scarborough,GB,54.28,-0.4,57.99,84,41,4.0,scattered clouds
554,San-Pedro,CI,4.75,-6.64,74.55,88,100,7.56,overcast clouds
555,Sechura,PE,-5.56,-80.82,74.23,48,6,16.11,clear sky
556,Vostochnyy,RU,55.82,37.87,64.4,59,100,8.95,overcast clouds
557,Ranong,TH,9.97,98.63,79.21,74,100,3.29,overcast clouds
558,Huancayo,PE,-12.07,-75.23,64.33,37,50,10.94,scattered clouds
559,Chumikan,RU,54.72,135.31,54.12,64,25,4.63,scattered clouds
560,Pundaguitan,PH,6.37,126.17,82.47,71,35,0.69,scattered clouds
561,Revda,RU,56.8,59.93,42.8,100,75,4.45,fog
562,Nairobi,KE,-1.28,36.82,64.4,77,82,8.14,broken clouds
563,Pangkalanbuun,ID,-2.68,111.62,73.6,91,2,1.23,clear sky
564,Manzhouli,CN,49.6,117.43,56.03,88,61,5.26,broken clouds
565,Omachi,JP,36.5,137.87,73.99,90,0,2.59,clear sky
566,Codrington,AU,-38.27,141.97,41.04,79,73,6.73,broken clouds
567,Igrim,RU,63.19,64.42,53.1,86,79,7.16,broken clouds
568,Leningradskiy,RU,69.38,178.42,44.44,86,97,12.8,overcast clouds
569,Yima,CN,34.74,111.88,73.0,1,100,14.52,overcast clouds
570,Sterling,US,39.01,-77.43,90.0,52,40,10.29,scattered clouds
571,Valcourt,CA,45.5,-72.32,78.8,78,75,3.36,broken clouds
572,Hudson Bay,CA,52.85,-102.38,74.41,46,2,14.63,clear sky
573,Honiara,SB,-9.43,159.95,73.4,100,90,4.7,overcast clouds
574,Koforidua,GH,6.09,-0.26,77.0,83,55,12.75,broken clouds
575,Kenora,CA,49.82,-94.43,73.4,69,75,5.82,broken clouds
576,Mae Hong Son,TH,19.3,97.97,73.78,88,100,1.61,overcast clouds
577,Kongolo,CD,-5.38,27.0,83.32,38,92,2.51,overcast clouds
578,Glasgow,GB,55.87,-4.26,54.0,81,93,3.36,overcast clouds
579,Bathsheba,BB,13.22,-59.52,84.2,70,40,12.75,scattered clouds
580,Samarai,PG,-10.62,150.67,75.69,75,100,14.45,overcast clouds
581,Guane,CU,22.2,-84.09,89.92,55,9,6.26,clear sky
582,Hofn,IS,64.25,-15.21,50.43,78,100,8.5,light rain
583,Itapirapua,BR,-15.82,-50.61,87.78,30,8,10.0,clear sky
584,Lagunas,PE,-5.23,-75.68,87.31,44,16,2.17,few clouds
585,Saint Anthony,US,45.02,-93.22,91.99,43,1,3.36,clear sky
586,Galveston,US,29.37,-94.97,93.2,49,20,17.22,few clouds
587,Camacha,PT,33.08,-16.33,73.4,78,40,16.11,scattered clouds
588,Sucua,EC,-2.47,-78.17,71.6,68,40,8.05,scattered clouds
589,Houston,US,29.76,-95.36,96.01,41,1,8.05,clear sky
590,Paeroa,NZ,-37.37,175.67,59.0,77,86,10.0,light rain
591,Brae,GB,60.4,-1.35,50.0,81,82,13.87,light rain
592,Lumby,CA,50.25,-118.97,79.0,33,100,1.01,overcast clouds
593,Vagay,RU,57.94,69.02,50.94,92,78,6.2,broken clouds
594,Azare,NG,11.68,10.19,73.44,86,100,9.37,overcast clouds
595,Baykit,RU,61.67,96.37,50.92,87,0,2.13,clear sky
596,Netolice,CZ,49.05,14.2,59.0,90,3,6.82,clear sky
597,Gallup,US,35.53,-108.74,91.4,13,1,6.93,clear sky
598,Preobrazheniye,RU,42.9,133.91,66.34,90,82,2.48,broken clouds
599,Pangoa,PE,-12.12,-73.0,78.39,51,0,3.56,clear sky
600,Celestun,MX,20.87,-90.4,86.41,68,50,11.92,scattered clouds
601,Gawler,AU,-34.6,138.73,42.01,93,52,5.01,broken clouds
602,Kuminskiy,RU,58.67,66.57,50.7,93,86,6.24,overcast clouds
603,Sur,OM,22.57,59.53,80.38,75,45,7.47,scattered clouds
604,Sao Paulo De Olivenca,BR,-3.38,-68.87,87.06,44,0,0.87,clear sky
605,Aloleng,PH,16.13,119.78,81.46,82,100,7.4,overcast clouds
606,Obo,CF,5.4,26.49,67.3,97,100,2.73,overcast clouds
607,Zubova Polyana,RU,54.08,42.84,57.29,71,27,3.58,scattered clouds
608,Quang Ngai,VN,15.12,108.8,76.32,85,100,5.48,overcast clouds
609,Talcahuano,CL,-36.72,-73.12,55.4,76,90,28.86,shower rain
610,Srandakan,ID,-7.94,110.25,72.84,90,8,3.65,clear sky
611,Anzhero-Sudzhensk,RU,56.08,86.03,51.8,93,36,2.24,scattered clouds
612,Ambanja,MG,-13.68,48.45,70.29,77,85,2.86,overcast clouds
613,Davila,PH,18.47,120.58,81.03,76,59,17.29,broken clouds
614,Melito Di Porto Salvo,IT,37.92,15.77,80.6,69,0,11.41,clear sky
615,Lake Havasu City,US,34.48,-114.32,109.4,17,1,3.36,clear sky
616,Matara,LK,5.95,80.54,77.41,87,8,4.79,clear sky
617,Belgatoy,RU,43.19,45.83,62.6,82,78,4.47,broken clouds
618,Puerto Colombia,CO,10.99,-74.95,82.4,83,75,3.36,broken clouds
619,Verkhnetulomskiy,RU,68.61,31.8,59.0,93,75,2.24,light intensity shower rain
620,Alofi,NU,-19.06,-169.92,78.8,74,40,12.75,scattered clouds
621,Spas-Demensk,RU,54.41,34.02,59.52,82,92,7.52,overcast clouds
622,Staraya Mayna,RU,54.6,48.95,62.6,82,5,6.71,clear sky
623,Edd,ER,13.93,41.69,92.16,55,71,6.93,broken clouds
624,Fethiye,TR,36.62,29.12,77.0,73,0,3.36,clear sky
625,Batagay-Alyta,RU,67.8,130.41,35.89,84,99,8.79,overcast clouds
626,El Limon,VE,10.31,-67.63,79.3,74,22,3.51,light rain
627,Sioux Lookout,CA,50.1,-91.92,77.0,69,75,5.82,broken clouds
628,Kiama,AU,-34.68,150.87,48.99,63,0,8.99,clear sky
629,Praya,CV,14.92,-23.51,82.4,69,75,6.93,broken clouds
630,Wenling,CN,28.37,121.36,84.0,81,0,5.46,clear sky
631,Whitehorse,CA,60.72,-135.05,59.0,82,75,3.36,broken clouds
632,Magdalena,PH,14.2,121.43,80.6,88,100,5.82,overcast clouds
633,Standerton,ZA,-26.93,29.24,48.0,58,0,3.18,clear sky
634,Sakakah,SA,29.97,40.21,89.6,21,0,8.05,clear sky
635,Bahia Honda,CU,22.9,-83.16,90.12,65,70,4.63,broken clouds
636,Talara,PE,-4.58,-81.27,64.98,76,1,15.75,clear sky
637,Matagami,CA,49.75,-77.63,68.0,45,1,5.82,clear sky
638,Rehoboth,NA,-23.32,17.08,53.53,39,0,4.27,clear sky
639,Pochutla,MX,15.74,-96.47,82.99,74,90,3.47,overcast clouds
640,Beloha,MG,-25.17,45.05,65.98,84,0,4.7,clear sky
641,Remedios,CU,22.49,-79.55,89.6,66,40,16.11,scattered clouds
642,Roma,US,43.21,-75.46,87.8,43,1,8.05,clear sky
643,Emerald,AU,-23.53,148.17,46.4,42,2,5.82,clear sky
644,Aleysk,RU,52.49,82.78,55.17,72,83,7.83,broken clouds
645,Gorontalo,ID,0.54,123.06,71.13,83,37,2.55,scattered clouds
646,Yuncheng,CN,35.02,110.99,69.93,87,100,15.17,overcast clouds
647,Maitum,PH,6.04,124.5,77.81,78,22,4.21,few clouds
648,Flin Flon,CA,54.77,-101.86,71.6,43,75,10.29,broken clouds
649,Dzhebariki-Khaya,RU,62.22,135.8,43.57,61,92,1.32,overcast clouds
650,Garmsar,IR,35.22,52.34,73.17,47,0,9.37,clear sky
651,Opotiki,NZ,-38.08,177.28,55.99,92,93,1.01,light rain
652,Axim,GH,4.87,-2.24,74.17,88,15,7.96,few clouds
653,Sarkand,KZ,45.41,79.92,66.09,32,96,6.22,overcast clouds
654,Tarauaca,BR,-8.16,-70.77,85.28,42,16,1.9,few clouds
655,Malakal,SS,9.53,31.66,72.99,91,97,4.23,overcast clouds
656,Santa Isabel,BR,-23.32,-46.22,64.4,63,27,10.29,scattered clouds
657,Batouri,CM,4.43,14.37,67.51,97,100,4.09,light rain
658,Port Blair,IN,11.67,92.75,81.28,82,99,8.63,overcast clouds
659,Russellville,US,35.28,-93.13,91.4,43,1,9.17,clear sky
660,Buraydah,SA,26.33,43.98,95.0,21,0,5.82,clear sky
661,Buena Vista,US,43.42,-83.9,87.8,45,1,5.82,clear sky
662,Stornoway,GB,58.21,-6.39,48.99,87,78,3.36,broken clouds
663,Padang,ID,-0.95,100.35,78.31,72,98,4.32,overcast clouds
664,Clearwater,US,27.97,-82.8,89.6,74,40,11.21,moderate rain
665,Los Llanos De Aridane,ES,28.66,-17.92,75.99,78,12,17.22,few clouds
666,Kahului,US,20.89,-156.47,89.6,46,20,25.28,few clouds
667,Nome,US,64.5,-165.41,51.8,93,90,6.93,light rain
668,Tolbazy,RU,54.02,55.88,50.0,93,0,4.47,mist
669,Maputo,MZ,-25.97,32.59,68.0,88,0,11.41,clear sky
670,Maldonado,UY,-34.67,-54.92,66.2,45,0,5.82,clear sky
671,Cap-Aux-Meules,CA,47.38,-61.86,69.8,46,75,3.36,broken clouds
672,Sistranda,NO,63.73,8.83,48.2,81,40,13.87,shower rain
673,Lakatoro,VU,-16.1,167.42,77.0,100,75,6.58,broken clouds
674,Mizdah,LY,31.45,12.98,73.96,58,0,4.38,clear sky
675,Coxim,BR,-18.51,-54.76,88.38,28,0,3.18,clear sky
676,Warrington,GB,53.39,-2.58,60.8,77,75,6.93,broken clouds
677,Aquiraz,BR,-3.9,-38.39,80.6,69,92,14.99,overcast clouds
678,Khasan,RU,42.43,130.64,67.71,96,100,1.52,overcast clouds
679,Puerto Morazan,NI,12.85,-87.17,80.6,88,40,4.7,moderate rain
680,Yumen,CN,40.28,97.2,64.96,28,26,5.23,scattered clouds
681,Mananjary,MG,-21.22,48.33,64.78,89,8,4.27,clear sky
682,La Ronge,CA,55.1,-105.28,66.2,55,75,17.22,broken clouds
683,College,US,64.86,-147.8,66.0,63,75,1.5,broken clouds
684,Grand Gaube,MU,-20.01,57.66,69.01,80,24,5.99,few clouds
685,Bintulu,MY,3.17,113.03,75.2,94,40,3.36,light rain
686,Tevriz,RU,57.51,72.4,48.0,98,18,5.08,few clouds
687,Anuling,PH,6.04,121.01,77.5,88,16,4.14,few clouds
688,Santiago Del Estero,AR,-27.8,-64.26,76.87,23,100,14.07,overcast clouds
